Pertanyaan,Jawaban
 Pada tanggal 22 Juni 2009 telah disahkan Undang-undang Nomor 22 tahun 2009 tentang Lalu Lintas dan Angkutan Jalan. Apa yang dimaksud dengan Lalu Lintas dan Angkutan Jalan menurut undang-undang nomor 22 tahun 2009 tersebut ?, Lalu lintas dan Angkutan Jalan adalah satu kesatuan system yang terdiri atas Lalu Lintas 
 Lalu Lintas dan Angkutan Jalan diselenggarakan dengan memperhatikan asas transparan Disamping itu masih ada 5 asas lainnya, 1. asas manfaat 2. asas efisien dan aktif 3. asas seimbang 4. asas terpadu dan 5. asas mandiri 
 Dalam penyelenggaraan Lalu Lintas dan Angkutan Jalan terdapat tiga tujuan Sebutkan dua tujuan tujuan penyelenggaraan lalu lintas dan angkutan jalan lainnya?, a. terwujudnya etika berlalu lintas dan budaya bangsa dan b. terwujudnya penegakan hukum dan kepastian hukum bagi masyarakat. 
 Undang-Undang lalu lintas dan angkutan jalan berlaku untuk membina dan menyelenggarakan Lalu Lintas dan Angkutan Jalan yang aman Disamping itu masih ada kegiatan lainnya, Kegiatan yang berkaitan dengan registrasi dan identifikasi Kendaraan Bermotor dan Pengemudi 
 Negara bertanggung jawab atas Lalu Lintas dan Angkutan Jalan dan pembinaannya dilaksanakan oleh Pemerintah. Pembinaan Lalu Lintas dan Angkutan Jalan yang dilakukan Pemerintah meliputi apa saja ?, a. Perencanaan b. Pengaturan c. Pengendalian  d. Pengawasan. 
 Penyelenggaraan Lalu Lintas dan Angkutan Jalan dilaksanakan oleh instansi pembina sesuai dengan tugas pokok dan fungsinya. Sebutkan di bidang apa sajakah urusan yang ditangani oleh pemerintah dalam hal penyelenggaraan lalu lintas dan angkutan jalan ?, a. Di bidang jalan b. Di bidang sarana dan prasarana Lalu Lintas dan Angkutan Jalan c. Di bidang pengembangan industri Lalu lintas dan Angkutan Jalan d. Di bidang pengembangan teknologi Lalu lintas dan Angkutan jalan e. Di bidang Registrasi dan Identifikasi Kendaraan Bermotor dan pengemudi 
 Penyelenggaraan Lalu Lintas dan Angkutan Jalan dalam kegiatan pelayanan langsung kepada masyarakat dilakukan oleh Pemerintah Sedangkan untuk urusan pemerintahan di bidang sarana dan Prasarana Lalu Lintas dan Angkutan Jalan dilaksanakan oleh siapa?,  Kementerian negara yang bertanggung jawab di bidang sarana dan Prasarana Lalu Lintas dan Angkutan Jalan. 
 Dalam melaksanakan pembinaan Lalu Lintas dan Angkutan Jalan Urusan pemerintah provinsi dalam melakukan pembinaan Lalu Lintas dan angkutan jalan meliputi apa saja?," a. penetapan sasaran dan arah kebijakan sistem Lalu Lintas dan Angkutan Jalan provinsi dan kabupaten/kota yang jaringannya melampaui batas wilayah kabupaten/kota b. pemberian bimbingan, pelatihan, sertifikasi, dan izin kepada perusahaan angkutan umum di provinsi dan c. pengawasan terhadap pelaksanaan Lalu Lintas dan Angkutan Jalan provinsi. "
 Urusan pemerintahan di bidang pengembangan industri Lalu Lintas dan Angkutan Jalan dilaksanakan oleh kementerian negara yang bertanggung jawab di bidang industri sedangkan urusan pemerintahan di bidang pengembangan teknologi Lalu Lintas dan Angkutan Jalan dilaksanakan oleh kementerian negara yang bertanggung jawab di bidang pengembangan teknologi. Untuk urusan pemerintahan di bidang Registrasi dan Identifikasi Kendaraan Bermotor dan Pengemudi, Kepolisian Negara Republik Indonesia. 
" Penyelenggaraan di bidang Registrasi dan Identifikasi Kendaraan Bermotor dan Pengemudi a. pengujian dan penerbitan Surat Izin Mengemudi Kendaraan Bermotor  b. pelaksanaan registrasi dan identifikasi Kendaraan Bermotor c. pengumpulan, pemantauan, pengolahan, dan penyajian data Lalu Lintas dan Angkutan Jalan d. pengelolaan pusat pengendalian Sistem Informasi dan Komunikasi Lalu Lintas dan Angkutan Jalan e. pengaturan, penjagaan, pengawalan, dan patroli Lalu Lintas f. penegakan	hukum	yang	meliputi	penindakan	pelanggaran	dan	penanganan Kecelakaan Lalu Lintas. Disamping itu masih terdapat 3 hal lainnya yang menjadi tugas Kepolisian Negera Republik Indonesia", a. pendidikan berlalu lintas b. pelaksanaan Manajemen dan Rekayasa Lalu Lintas dan c. pelaksanaan manajemen operasional Lalu Lintas. 
 Penyelenggaraan Lalu Lintas dan Angkutan Jalan dilakukan secara terkoordinasi oleh forum Lalu Lintas dan Angkutan Jalan. Sebutkan tugas Forum Lalu Lintas dan Angkutan Jalan tersebut !, Melakukan koordinasi antarinstansi penyelenggara yang memerlukan keterpaduan dalam merencanakan dan menyelesaikan masalah Lalu Lintas dan Angkutan Jalan. 
 Untuk mewujudkan Lalu Lintas dan Angkutan Jalan yang terpadu perlu dilakukan pengembangan Jaringan Lalu Lintas dan Angkutan Jalan untuk menghubungkan semua wilayah di daratanyang berpedoman pada Rencana Induk Jaringan Lalu Lintas dan Angkutan Jalan sesuai dengan kebutuhan. Rencana Induk Jaringan Lalu Lintas dan Angkutan Jalan tersebut terdiri atas apa saja?, d. Rencana Induk Jaringan Lalu Lintas dan Angkutan Jalan Nasional e. Rencana Induk Jaringan Lalu Lintas dan Angkutan Jalan Provinsi dan f. Rencana Induk Jaringan Lalu Lintas dan Angkutan Jalan Kabupaten/Kota. 
 Rencana Induk Jaringan Lalu Lintas dan Angkutan Jalan Nasional disusun secara berkala dengan mempertimbangkan kebutuhan transportasi dan ruang kegiatan berskala nasional dan dalam proses penyusunan dan penetapan Rencana Induk Jaringan Lalu Lintas dan Angkutan Jalan Nasional terebut harus memperhatikan Rencana Tata Ruang Wilayah Nasional. Apa saja yang terdapat dalam Rencana Induk Jaringan Lalu Lintas dan Angkutan Jalan Nasional tersebut ?, a. prakiraan perpindahan orang dan/atau barang menurut asal tujuan perjalanan lingkup nasional b. arah dan kebijakan peranan Lalu Lintas dan Angkutan Jalan nasional dalam keseluruhan moda transportasi c. rencana lokasi dan kebutuhan Simpul nasional dan d. rencana kebutuhan Ruang Lalu Lintas nasional. 
 Rencana Induk Jaringan Lalu Lintas dan Angkutan Jalan Provinsi memuat: a. prakiraan perpindahan orang dan/atau barang menurut asal tujuan perjalanan lingkup provinsi b. arah dan kebijakan peranan Lalu Lintas dan Angkutan Jalan provinsi dalam keseluruhan moda transportasi c. rencana lokasi dan kebutuhan Simpul provinsi dan d. rencana kebutuhan Ruang Lalu Lintas provinsi. Sedangkan Rencana Induk Jaringan Lalu Lintas dan Angkutan Jalan Kabupaten/Kota memuat apa saja? , a. prakiraan perpindahan orang dan/atau barang menurut asal tujuan perjalanan lingkup kabupaten/kota b. arah dan kebijakan peranan Lalu Lintas dan Angkutan Jalan kabupaten/kota dalam keseluruhan moda transportasi c. rencana lokasi dan kebutuhan Simpul kabupaten/kota dan d. rencana kebutuhan Ruang Lalu Lintas kabupaten/kota. 
 Menurut UU No. 22 Tahun 2009 Jalan dikelompokkan dalam beberapa kelas. Pengelompokan jalan tersebut dilakukan dengan pertimbangan apa saja?, a. Fungsi dan intensitas Lalu lintas guna kepentingan pengaturan penggunaan jalan dan kelancaran lalu lintas dan angkutan jalan dan b. Daya dukung untuk menerima muatan sumbu terberat dan / dimensi Kendaraan bermotor. 
 Pengelompokkan Jalan menurut Kelas jalan dibagi dalam 4 kelompok. Sebutkan keempat kelompok jalan yang dimaksud?, Jalan kelas I 
" Penetapan kelas jalan pada setiap ruas jalan dilakukan oleh: a. Pemerintah, untuk jalan nasional b. pemerintah provinsi, untuk jalan provinsi c. pemerintah kabupaten, untuk jalan kabupaten atau d. pemerintah kota Penetapan kelas jalan tersebut dinyatakan dengan apa?", Rambu Lalu Lintas. 
 Setiap Jalan memiliki batas kecepatan paling tinggi yang ditetapkan secara nasional. Batas kecepatan paling tinggi tersebut ditentukan berdasarkan apa saja?, Kawasan permukiman 
 Atas pertimbangan keselamatan atau pertimbangan khusus lainnya Sementara itu ,  Batas absolute 60 (enam puluh) kilometer per jam dalam kondisi arus bebas.  
 Jalan yang dioperasikan harus memenuhi persyaratan laik fungsi Jalan secara teknis dan administratif. Apakah penyelenggara Jalan wajib melaksanakan uji kelaikan fungsi Jalan sebelum pengoperasian Jalan?, Ya 
 Penyelenggara Jalan wajib segera dan patut untuk memperbaiki Jalan yang rusak yang dapat mengakibatkan Kecelakaan Lalu Lintas. Dalam hal belum dapat dilakukan perbaikan Jalan yang rusak bagaimana?, Penyelenggara Jalan wajib memberi tanda atau rambu pada Jalan yang rusak untuk mencegah terjadinya Kecelakaan Lalu Lintas. 
 Setiap Jalan yang digunakan untuk Lalu Lintas umum wajib dilengkapi dengan perlengkapan Jalan berupa: a. Rambu Lalu Lintas b. Marka Jalan c. Alat Pemberi Isyarat Lalu Lintas d. alat penerangan Jalan e. alat pengendali dan pengaman Pengguna Jalan f. alat pengawasan dan pengamanan Jalan Disamping itu setiap jalan yang digunakan untuk lalu lintas umum juga wajib dilengkapi fasilitas apa saja?," a. fasilitas untuk sepeda, Pejalan Kaki, dan penyandang cacat dan b. fasilitas pendukung kegiatan Lalu Lintas dan Angkutan Jalan yang berada di Jalan dan di luar badan Jalan. "
 Penyediaan perlengkapan Jalan diselenggarakan oleh: a. Pemerintah untuk jalan nasional b. pemerintah provinsi untuk jalan provinsi c. pemerintah kabupaten/kota untuk jalan kabupaten/kota dan jalan desa. Untuk jalan tol, Badan usaha jalan tol. 
 Untuk mendukung pelayanan Lalu Lintas dan Angkutan Jalan yang aman Dana Preservasi Jalan digunakan khusus untuk apa saja?, Untuk kegiatan pemeliharaan 
 Dalam pengelolaan Dana Preservasi Jalan harus dilaksanakan berdasarkan beberapa prinsip.  Sebutkan prinsip apa saja yang harus dilaksanakan ? ,  Prinsip berkelanjutan  
 Untuk menunjang kelancaran perpindahan orang dan/atau barang serta keterpaduan intramoda dan antarmoda di tempat tertentu Dan pembangunan sebuah terminal harus dilengkapi dengan syarat apa saja ? ,  Rancang bangun buku kerja rancang bangun rencana induk terminal analisis dampak Lalu Lintas dan  analisis dampak lingkungan.  
 Penentuan lokasi Terminal dilakukan dengan memperhatikan rencana kebutuhan Terminal yang merupakan bagian dari Rencana Induk Jaringan Lalu Lintas dan Angkutan Jalan. Dalam penetapan lokasi Terminal harus dilakukan dilakukan dengan memperhatikan apa saja?," a. tingkat aksesibilitas Pengguna Jasa angkutan b. kesesuaian lahan dengan Rencana Tata Ruang Wilayah Nasional, Rencana Tata Ruang Wilayah Provinsi, dan Rencana Tata Ruang Wilayah Kabupaten/Kota c. kesesuaian dengan rencana pengembangan dan/atau kinerja jaringan Jalan, jaringan trayek, dan jaringan lintas d. kesesuaian dengan rencana pengembangan dan/atau pusat kegiatan e. keserasian dan keseimbangan dengan kegiatan lain f. permintaan angkutan g. kelayakan teknis, finansial, dan ekonomi h. Keamanan dan Keselamatan Lalu Lintas dan Angkutan Jalan dan/atau i. kelestarian lingkungan hidup. "
 Setiap penyelenggara Terminal wajib memberikan pelayanan jasa Terminal sesuai dengan standar pelayanan yang ditetapkan. Apakah terhadap pelayanan jasa terminal tersebut dapat dikenakan retribusi?, Ya 
 Penyediaan fasilitas Parkir untuk umum hanya dapat diselenggarakan di luar Ruang Milik Jalan sesuai dengan izin yang diberikan. Dalam penetapan lokasi dan pembangunan fasilitas Parkir untuk umum dilakukan oleh Pemerintah Daerah dengan memperhatikan apa saja?, a. rencana umum tata ruang b. analisis dampak lalu lintas dan c. kemudahan bagi Pengguna Jasa. 
 Dalam penyelenggaraan Lalu Lintas dan Angkutan Jalan terdapat beberapa fasilitas pendukung yang harus disediakan oleh Pemerintah Fasilitas pendukung tersebut meliputi apa saja? ,  Ttrotoar  
 Kendaraan terdiri atas: a. Kendaraan Bermotor dan  b. Kendaraan Tidak Bermotor. Sebutkan jenis-jenis kendaraan bermotor?, a. sepeda motor b. mobil penumpang c. mobil bus d. mobil barang dan e. kendaraan khusus. 
 Setiap Kendaraan Bermotor yang dioperasikan di Jalan harus memenuhi persyaratan teknis dan laik jalan. Untuk persyaratan laik jalan, Emisi gas buang kebisingan suara efisiensi sistem rem utama efisiensi sistem rem parkir kincup roda depan suara klakson daya pancar dan arah sinar lampu utama radius putaakurasi alat penunjuk kecepatan kesesuaian kinerja roda dan kondisi ban dan kesesuaian daya mesin penggerak terhadap berat kendaraan. 
 Kendaraan Bermotor Uji berkala diwajibkan untuk jenis kendaraan apa saja?, Mobil penumpang umum 
 Setiap kendaraan bermotor yang dioperasikan di jalan wajib dilengkapi dengan perlengkapan kendaraan bermotor Untuk kendaraan beroda empat,  Sabuk keselamatan  
 Setiap Kendaraan Bermotor yang dioperasikan di Jalan dilarang memasang perlengkapan yang dapat mengganggu keselamatan berlalu lintas. Apa yang dimaksud dengan perlengkapan yang dapat mengganggu keselamatan berlalu lintas”?, Yang dimaksud dengan “perlengkapan yang dapat mengganggu keselamatan berlalu lintas” adalah pemasangan peralatan 
" Untuk kepentingan tertentu, kendaraan bermotor dapat dilengkapi dengan lampu isyarat dan / atau sirene yang terdiri terdiri dari warna merah biru dan kuning. Lampu isyarat warna  merah atau biru serta sirene berfungsi sebagai tanda Kendaraan Bermotor yang memiliki hak utama. Sedangkan lampu isyarat kuning berfungsi sebagai apa? ",  Sebagai tanda peringatan kepada Pengguna Jalan lain.  
 Lampu isyarat warna biru dan sirene digunakan untuk Kendaraan Bermotor petugas Kepolisian Negara Republik Indonesia sedangkan lampu isyarat warna merah dan sirene digunakan untuk Kendaraan Bermotor tahanan Lampu isyarat warna kuning tanpa sirene digunakan untuk kendaraan apa saja?, untuk Kendaraan Bermotor patroli jalan tol 
 Pemerintah harus memberikan kemudahan berlalu lintas bagi pesepeda. Oleh karena itu, Fasilitas pendukung keamanan 
 Setiap Kendaraan Bermotor wajib diregistrasikan yang meliputi: a. registrasi Kendaraan Bermotor baru b. registrasi perubahan identitas Kendaraan Bermotor dan pemilik c. registrasi perpanjangan Kendaraan Bermotor dan atau d. registrasi pengesahan Kendaraan Bermotor. Adapun tujuan registrasi Kendaraan Bermotor bertujuan untuk apa saja?," a. tertib administrasi b. pengendalian dan pengawasan Kendaraan Bermotor yang dioperasikan di Indonesia c. mempermudah penyidikan pelanggaran dan/atau kejahatan d. perencanaan, operasional Manajemen dan Rekayasa Lalu Lintas dan Angkutan Jalan dan e. perencanaan pembangunan nasional. "
 Registrasi Kendaraan Bermotor dilaksanakan oleh Kepolisian Negara Republik Indonesia melalui sistem manajemen registrasi Kendaraan Bermotor., forensik kepolisian. 
 Registrasi Kendaraan Bermotor baru meliputi kegiatan: a. registrasi dan identifikasi Kendaraan Bermotor dan pemiliknya b. penerbitan Buku Pemilik Kendaraan Bermotor dan c. penerbitan Surat Tanda Nomor Kendaraan Bermotor dan Tanda Nomor Kendaraan Bermotor. Sebagai bukti bahwa Kendaraan Bermotor telah diregistrasi,  Buku Pemilik Kendaraan Bermotor 
 Dalam pelaksanaan registrasi kendaraan bermotor penyelenggaraannya dilakukan secara terintegrasi dan terkoordinasi dalam sistem Administrasi Manunggal satu atap. Sebutkan hal apa saja yang dapat dilaksanakan dalam sistem administrasi manunggal satu atap tersebut?,  Pembayaran	pajak	kendaraan	bermotor	dan	pembayaran	sumbangan	wajib	dana kecelakaanlalu lintas dan angkutan jalan.  
 Setiap Kendaraan Bermotor yang dioperasikan di Jalan wajib dilengkapi dengan Surat Tanda Nomor Kendaraan Bermotor dan Tanda Nomor Kendaraan Bermotor. Apa saja yang dimuat dalam Surat Tanda Nomor Kendaraan Bermotor tersebut?, Data Kendaraan Bermotor 
 Setiap Kendaraan Bermotor yang belum diregistrasi dapat dioperasikan di Jalan untuk kepentingan tertentu dengan dilengkapi Surat Tanda Coba Kendaraan Bermotor dan Tanda Coba Nomor Kendaraan Bermotor. Surat Tanda Coba Kendaraan Bermotor dan Tanda Coba Nomor Kendaraan Bermotor diberikan oleh Kepolisian Negara Republik Indonesia kepada siapa saja?, badan usaha di bidang penjualan 
 Pengesahan setiap Surat Tanda Nomor Kendaraan dan Tanda Nomor Kendaraan Bermotor harus diperpanjang jika sudah habis masa berlakunya. STNK dan Tanda Nomor Kendaraan Bermotor tersebut berlaku untuk jangka waktu berapa tahun ?,  5 (lima) tahun dan wajib diajukan permohonan perpanjangan.  
 Pemilik Kendaraan Bermotor wajib melaporkan kepada Kepolisian Negara Republik Indonesia jika: a. bukti registrasi hilang atau rusak b. spesifikasi teknis dan/atau fungsi Kendaraan Bermotor diubah c. kepemilikan Kendaraan Bermotor beralih atau d. Kendaraan Bermotor digunakan secara terus-menerus lebih dari 3 (tiga) bulan di luar wilayah Kendaraan diregistrasi. Apa yang dimaksud dengan “fungsi Kendaraan Bermotor diubah” ?,  Yang dimaksud dengan “fungsi Kendaraan Bermotor diubah” adalah terjadinya perubahan fungsi Kendaraan Bermotor Umum menjadi Kendaraan Bermotor perseorangan atau sebaliknya. 
 Setiap kendaraan bermotor diwajibkan untuk dilakukan uji berkala. Bagi yang melakukan pelanggaran dapat dikenai sanksi administratif. Sebutkan sanksi administratif apa saja yang dapat dikenakan terhadap pelanggaran tersebut?, a. Peringatan tertulis b. Pembayaran denda c. Pembekuan izin dan / atau d. Pencabutan izin. 
 Setiap orang yang mengemudikan kendaraan bermotor di jalan wajib memiliki Surat Izin mengemudi sesuai dengan jenis kendaraan bermotor yang dikemudikan. Surat Izin mMengemudi terdiri dari 2 (dua) jenis, a. SIM Perseorangan b. SIM Kendaraan Bermotor Umum 
 Untuk mendapatkan Surat Izin mengemudi Sebutkan bentuk dan penggolongan SIM yang diatur Undang-undang lau Lintas dan Angkutan Jalan ?, a. SIM A berlaku untuk untuk mengemudikan mobil penumpang dan barang perseorangan . b. SIM B I berlaku untuk mengemudikan penumpang dan barang perseorangan. c. SIM B II berlaku untuk mengemudikan kendaraan alat berat d. SIM C berlaku untuk mengemudikan sepeda motor e. SIM D berlaku untuk mengemudikan kendaraan khusus bagi penyandang cacat. 
 Untuk mendapatkan SIM setiap orang harus memenuhi persyaratan usia Sebutkan syarat usia untuk masing-masing SIM tersebut ?, a. Usia 17 (tujuh belas) tahun untuk SIM A b. Usia 20 (dua puluh) tahun untuk SIM B I dan c. Usia 21 (dua puluh satu) tahun untuk SIM B II 
 Dalam syarat untuk mendapatkan SIM harus lulus ujian. Meliputi apa saja ujian untuk mendapatkan SIM tersebut?, a. Ujian teori b. Ujian praktik dan / atau c. Ujian ketrampilan melalui simulator. 
  Setiap orang yang mengajukan permohonan untuk dapat memiliki Surat Izin Mengemudi untuk Kendaraan Bermotor Umum harus memenuhi persyaratan usia dan persyaratan khusus. Sebutkan syarat usia untuk mendapatkan Surat Izin Mengemudi Kendaraan Bermotor Umum?, a. minimal berusia 20 (dua puluh) tahun untuk Surat Izin Mengemudi A Umum b. minimal berusia 22 (dua puluh dua) tahun untuk Surat Izin Mengemudi B I Umum dan c. minimal berusia 23 (dua puluh tiga) tahun untuk Surat Izin Mengemudi B II Umum. 
 Surat Izin Mengemudi berlaku selama 5 (lima) tahun dan dapat diperpanjang. Apakah Surat Izin Mengemudi itu berlaku di seluruh wilayah Negara Kesatuan Republik Indonesia?, Ya 
 Surat Izin Mengemudi berfungsi sebagai bukti kompetensi mengemudi dan registrasi pengemudi kendaraan bermotor yang memuat keterangan identitas lengkap Pengemudi. Data pada registrasi Pengemudi dapat digunakan untuk apa saja?, Mendukung kegiatan penyelidikan 
 Kepolisian Negara Republik Indonesia berwenang memberikan tanda atau data pelanggaran terhadap Surat Izin Mengemudi milik Pengemudi yang melakukan pelanggaran tindak pidana Lalu Lintas. Apakah Kepolisian Negara Republik Indonesia berwenang untuk mencabut SIM sementara sebelum diputus oleh pengadilan?," Ya, Kepolisian Negara Republik Indonesia	berwenang untuk menahan sementara atau mencabut Surat Izin Mengemudi sementara sebelum diputus oleh pengadilan. "
 Setiap Perusahaan Angkutan Umum wajib mematuhi dan memberlakukan ketentuan mengenai waktu kerja Berapa waktu kerja paling lama bagi Pengemudi Kendaraan Bermotor Umum dalam sehari?, 8 (delapan) jam sehari. 
 Setiap Perusahaan Angkutan Umum yang tidak mematuhi dan memberlakukan ketentuan mengenai waktu kerja Sanksi administratifnya berupa apa saja?, a. peringatan tertulis b. pemberian denda administratif c. pembekuan izin dan/atau d. pencabutan izin. 
  Manajemen dan Rekayasa Lalu Lintas dilaksanakan untuk mengoptimalkan penggunaan jaringan Jalan dan gerakan Lalu Lintas dalam rangka menjamin Keamanan Manajemen dan Rekayasa Lalu Lintas dapat dilakukan dengan apa saja?," a. penetapan prioritas angkutan massal melalui penyediaan lajur atau jalur atau jalan khusus b. pemberian prioritas keselamatan dan kenyamanan Pejalan Kaki c. pemberian kemudahan bagi penyandang cacat d. pemisahan atau pemilahan pergerakan arus Lalu Lintas berdasarkan peruntukan lahan, mobilitas, dan aksesibilitas e. pemaduan berbagai moda angkutan f. pengendalian Lalu Lintas pada persimpangan g. pengendalian Lalu Lintas pada ruas Jalan dan/atau h. perlindungan terhadap lingkungan. "
 Setiap rencana pembangunan pusat kegiatan Analisis dampak Lalu Lintas sekurang-kurangnya memuat apa saja?, a. analisis bangkitan dan tarikan Lalu Lintas dan Angkutan Jalan b. simulasi kinerja Lalu Lintas tanpa dan dengan adanya pengembangan c. rekomendasi dan rencana implementasi penanganan dampak d. tanggung jawab Pemerintah dan pengembang atau pembangun dalam penanganan dampak dan e. rencana pemantauan dan evaluasi. 
 Dalam keadaan tertentu untuk Ketertiban dan Kelancaran Lalu Lintas dan Angkutan Jalan a. memberhentikan arus Lalu Lintas dan/atau Pengguna Jalan b. memerintahkan Pengguna Jalan untuk jalan terus c. mempercepat arus Lalu Lintas d. memperlambat arus Lalu Lintas dan/atau e. mengalihkan arah arus Lalu Lintas. Apakah pengguna jalan wajib mematuhi perintah yang diberikan oleh petugas Kepolisian Negara Republik Indonesia tersebut?, Ya 
 Setiap orang yang menggunakan Jalan wajib: a. berperilaku tertib dan/atau b. mencegah hal-hal yang dapat merintangi Oleh karena itu setiap orang yang mengemudikan Kendaraan Bermotor di Jalan wajib mematuhi ketentuan mengenai apa saja?, a. rambu perintah atau rambu larangan b. Marka Jalan c. Alat Pemberi Isyarat Lalu Lintas d. gerakan Lalu Lintas e. berhenti dan Parkir f. peringatan dengan bunyi dan sinar g. kecepatan maksimal atau minimal dan/atau  h. tata cara penggandengan dan penempelan dengan Kendaraan lain. 
 Polisi sering melakukan razia terhadap kendaraan bermotor. Pada saat diadakan pemeriksaan Kendaraan Bermotor di Jalan, a. Surat Tanda Nomor Kendaraan Bermotor atau Surat Tanda Coba Kendaraan Bermotor b. Surat Izin Mengemudi c. bukti lulus uji berkala dan/atau d. tanda bukti lain yang sah. 
 Dalam melaksanakan ketertiban dan keselamatan berkendaraan bermotor terdapat beberapa hal baru yang diatur. Sebutkan beberapa hal baru yang wajib dilaksanakan oleh setiap pengemudi sepeda motor ? ,  Mengenakan helm yang memenuhi Standar Nasional Indonesia dan menyalakan lampu utama pada siang hari.  
 Dalam berlalu lintas Pengguna Jalan harus menggunakan jalur Jalan sebelah kiri. Penggunaan jalur Jalan sebelah kanan hanya dapat dilakukan dalam kondisi yang bagaimana?, 1. Pengemudi bermaksud akan melewati Kendaraan di depannya atau 2. diperintahkan oleh petugas Kepolisian Negara Republik Indonesia untuk digunakan sementara sebagai jalur kiri. 
 Pada perlintasan sebidang antara jalur kereta api dan jalan Sebutkan kewajiban yang harus dilakukan pengemudi tersebut ?," a. Berhenti ketika sinyal sudah berbunyi, palang pintu kereta api sudah mulai ditutup, dan/ atau ada isyarat lain b. Mendahulukan kereta api dan c. Memberikan hak utama kepada kendaraan yang lebih dahulu melintasi rel. "
 Pengemudi kendaraan bermotor di jalan dilarang melakukan hal-hal yang ditetapkan dalam Undang-undang Lalu Lintas dan Angkutan Jalan. Sebutkan haapa sajal yang dilarang terkait dengan kecepatan kendaraan bermotor ?, a. Mengemudikan kendaraan melebihi batas kecepatan paling tinggi yang diperbolehkan dan/atau b. Berbalapan dengan kendaraan bermotor lain. 
 Pengemudi harus memperlambat kendaraannya sesuai dengan Rambu Lalu Lintas. Selain berdasarkan Rambu Lalu Lintas,"  1. akan melewati Kendaraan Bermotor Umum yang sedang menurunkan dan menaikkan Penumpang 2. akan melewati Kendaraan Tidak Bermotor yang ditarik oleh hewan, hewan yang ditunggangi, atau hewan yang digiring 3. cuaca hujan dan/atau genangan air 4. memasuki pusat kegiatan masyarakat yang belum dinyatakan dengan Rambu Lalu Lintas 5. mendekati persimpangan atau perlintasan sebidang kereta api dan/atau 6. melihat dan mengetahui ada Pejalan Kaki yang akan menyeberang. "
" Ketika	parkir	kendaraan,	pengemudi	harus	memarkirkan	kendaraan	sesuai	aturan perparkiran. Sebutkan cara memarkir kendaraan di jalan ? ",  Parkir kendaraan di jalan dilakukan secara sejajar atau membentuk sudut menurut arah Lalu lintas.  
 Dalam keadaan darurat di jalan setiap pengemudi kendaraan bermotor juga mempunyai kewajiban saat memarkir kendaraannya. Kewajiban apa sajakah yang harus dilakukan pengemudijika berhenti dalam keadaan darurat?,  Wajib memasang segitiga pengaman 
" Pengemudi Kendaraan Bermotor Umum untuk angkutan orang dalam trayek wajib: 1. mengangkut Penumpang yang membayar sesuai dengan tarif yang telah ditetapkan 2. memindahkan penumpang dalam perjalanan ke Kendaraan lain yang sejenis dalam trayek yang sama tanpa dipungut biaya tambahan jika Kendaraan mogok, rusak, kecelakaan, atau atas perintah petugas 3. menggunakan lajur Jalan yang telah ditentukan atau menggunakan lajur paling kiri, kecuali saat akan mendahului atau mengubah arah 4. memberhentikan kendaraan selama menaikkan dan/atau menurunkan Penumpang 5. menutup pintu selama Kendaraan berjalan dan 6. mematuhi batas kecepatan paling tinggi untuk angkutan umum. Tetapi terdapat larangan yang wajib dipatuhi oleh Pengemudi Kendaraan Bermotor Umum angkutan orang", a. memberhentikan Kendaraan selain di tempat yang telah ditentukan b. mengetem selain di tempat yang telah ditentukan c. menurunkan Penumpang selain di tempat pemberhentian dan/atau di tempat tujuan tanpa alasan yang patut dan mendesak dan/atau d. melewati jaringan jalan selain yang ditentukan dalam izin trayek. 
 UULAJ juga mengatur tentang hak dan kewajiban pejalan kaki. Pejalan kaki berhak atas ketersediaan fasilitas pendukung dalam berlalu lintas.  Sebutkan hak yang disediakan untuk pejalan kaki ? ,  Trotoar  
" Pengguna Jalan yang memperoleh hak utama untuk didahulukan sesuai dengan urutan antara lain sebagai berikut: a. Kendaraan pemadam kebakaran yang sedang melaksanakan tugas b. ambulans yang mengangkut orang sakit c. Kendaraan untuk memberikan pertolongan pada Kecelakaan Lalu Lintas d. Kendaraan pimpinan Lembaga Negara Republik Indonesia e. Kendaraan pimpinan dan pejabat negara asing serta lembaga internasional yang menjadi tamu negara Masih terdapat	2 (dua) pengguna jalan lagi yang berhak memperoleh hak untuk didahulukan, sebutkan!", a. iring-iringan pengantar jenazah dan b. konvoi dan/atau Kendaraan untuk kepentingan tertentu menurut pertimbangan petugas Kepolisian Negara Republik Indonesia. 
 Angkutan umum diselenggarakan dalam upaya memenuhi kebutuhan angkutan yang selamat Siapakah yang bertanggung jawab atas penyelenggaraan  angkutan umum yang selamat, Pemerintah 
 Pemerintah wajib menjamin tersedianya angkutan umum untuk jasa angkutan orang dan/atau barang antarkota antarprovinsi serta lintas batas negara. Siapa saja yang melaksanakan penyediaan jasa angkutan umum?, Badan usaha milik negara 
 Pelayanan angkutan orang dengan Kendaraan Bermotor Umum terdiri atas: a. angkutan orang dengan Kendaraan Bermotor Umum dalam trayek dan b. angkutan orang dengan Kendaraan Bermotor Umum tidak dalam trayek. Apa yang dimaksud dengan “Trayek”?, Yang dimaksud dengan “trayek” adalah lintasan Kendaraan Bermotor Umum untuk pelayanan jasa angkutan 
 Perusahaan Angkutan Umum wajib memenuhi standar pelayanan minimal yang ditetapkan berdasarkan jenis pelayanan yang diberikan. Sebutkan 6 (enam) standar pelayanan tersebut? , a. Keamanan b. Keselamatan c. Kenyamanan d. Keterjangkauan e. Kesetaraan dan f. Keteraturan. 
 Angkutan orang dengan kendaraan bermotor umum dalam trayek terdapat beberapa jenis. Sebutkan jenis pelayanan dimaksud ?, a. Angkutan lintas batas negara b. Angkutan antarkota antarprovinsi c. Angkutan antarkota dalam provinsi d. Angkutan perkptaan atau angkutan perdesaan. 
 Jaringan trayek dan kebutuhan Kendaraan Bermotor Umum disusun dalam bentuk rencana umum jaringan trayek. Jaringan trayek dan kebutuhan Kendaraan Bermotor Umum disusun berdasarkan kriteria apa saja?, a. tata ruang wilayah b. tingkat permintaan jasa angkutan c. kemampuan penyediaan jasa angkutan d. ketersediaan jaringan Lalu-lintas dan Angkutan Jalan e. kesesuaian dengan kelas jalan f. keterpaduan intramoda angkutan dan g. keterpaduan antarmoda angkutan. 
 Penyusunan rencana umum jaringan trayek dilakukan secara terkoordinasi dengan instansi terkait. Rencana umum jaringan trayek tersebut dikaji ulang secara berkala paling lama untuk berapa tahun?, Rencana umum jaringan trayek tersebut dikaji ulang secara berkala paling lama 5 (lima) tahun. 
 Jaringan trayek perkotaan disusun berdasarkan kawasan perkotaan. Siapakah yang menetapkan kawasan perkotaan untuk pelayanan angkutan yang melampaui batas wilayah kabupaten/kota dalam satu provinsi?, Gubernur untuk kawasan perkotaan yang melampaui batas wilayah kabupaten/kota dalam satu provinsi. 
 Pelayanan angkutan orang dengan kendaraan bermotor umum tidak dalam trayek terdiri atas beberapa macam. Sebutkan pelayanan angkutan orang dimaksud ?, a. Angkutan orang dengan menggunakan taksi b. Angkutan orang dengan tujuan tertentu c. Angkutan orang untuk keperluan pariwisata dan  d. Angkutan orang di kawasan tertentu. 
 Pemerintah menjamin ketersediaan angkutan massal berbasis Jalan untuk memenuhi kebutuhan angkutan orang dengan Kendaraan Bermotor Umum di kawasan perkotaan. Sebutkan 4 (empat) hal yang mendukung Angkutan massal berbasis Jalan untuk memenuhi kebutuhan angkutan orang dengan Kendaraan Bermotor Umum di kawasan perkotaan?, Angkutan massal harus didukung dengan: 1. mobil bus yang berkapasitas angkut massal 2. lajur khusus 3. trayek angkutan umum lain yang tidak berimpitan dengan trayek angkutan massal dan 4. angkutan pengumpan. 
 Angkutan barang dengan Kendaraan Bermotor Umum terdiri atas: a. angkutan umum dan b. angkutan barang khusus. Pengangkutan barang umum harus memenuhi 3 (tiga) persyaratan, a. prasarana jalan yang dilalui memenuhi ketentuan kelas Jalan b. tersedia pusat distribusi logistik dan/atau tempat untuk memuat dan membongkar barang dan c. menggunakan mobil barang. 
 Angkutan orang dengan Kendaraan Bermotor Umum yang melayani trayek tetap lintas batas negara Meliputi apa saja Dokumen angkutan orang tersebut?, a. tiket Penumpang umum untuk angkutan dalam trayek b. tanda pengenal bagasi dan c. manifes. 
 Angkutan barang dengan Kendaraan Bermotor Umum wajib dilengkapi dengan dokumen. Meliputi apa saja Dokumen Angkutan barang dengan Kendaraan Bermotor Umum yang harus dilengkapi tersebut?, a. surat perjanjian pengangkutan dan b. surat muatan barang. 
 Perusahaan Angkutan Umum orang wajib: a. menyerahkan tiket Penumpang b. menyerahkan tanda bukti pembayaran pengangkutan untuk angkutan tidak dalam trayek Masih ada 2 (dua) persyaratan lainnya, a. menyerahkan tanda pengenal bagasi kepada penumpang dan b. menyerahkan manifes kepada Pengemudi 
 Pengemudi dan/atau Perusahaan Angkutan Umum barang wajib mematuhi ketentuan mengenai tata cara pemuatan Untuk mengawasi pemenuhan terhadap ketentuan tersebut Pengawasan muatan angkutan barang dilakukan dengan menggunakan apa?,  Pengawasan muatan angkutan barang dilakukan dengan menggunakan alat penimbangan. 
 Pengawasan muatan angkutan barang dilakukan dengan menggunakan alat penimbangan. Terdiri atas apa sajakah alat penimbangan tersebut?, a. alat penimbangan yang dipasang secara tetap atau b. alat penimbangan yang dapat dipindahkan. 
" Alat penimbangan sebagai alat untuk pengawasan muatan angkutan barang Siapakah	yang	melakukan	penetapan	lokasi,	pengoperasian,	dan	penutupan	alat penimbangan yang dipasang secara tetap pada jalan?", Pemerintah 
 Pengoperasian dan perawatan alat penimbangan yang dipasang secara tetap dilakukan oleh unit pelaksana penimbangan yang ditunjuk oleh Pemerintah. Apa saja yang wajib didata oleh petugas alat penimbangan yang dipasang secara tetap tersebut?, Yang wajib didata adalah jenis barang yang diangkut 
 Perusahaan Angkutan Umum yang menyelenggarakan angkutan orang dan/atau barang wajib memiliki izin. Izin apa saja yang wajib dimiliki oleh Perusahaan Angkutan Umum yang menyelenggarakan angkutan orang dan/atau barang?, a. izin penyelenggaraan angkutan orang dalam trayek b. izin penyelenggaraan angkutan orang tidak dalam trayek dan/atau c. izin penyelenggaraan angkutan barang khusus atau alat berat. 
 Perusahaan Angkutan Umum wajib mengangkut orang dan/atau barang setelah disepakati perjanjian angkutan dan/atau dilakukan pembayaran biaya angkutan oleh Penumpang dan/atau pengirim barang. Kewajiban apa yang dibebankan kepada Perusahaan Angkutan Umum jika terjadi pembatalan pemberangkatan?, Perusahaan Angkutan Umum wajib mengembalikan biaya angkutan yang telah dibayar oleh Penumpang dan/atau pengirim barang jika terjadi pembatalan pemberangkatan. 
 Perusahaan Angkutan Umum bertanggung jawab atas kerugian yang diderita oleh Penumpang yang meninggal dunia atau luka akibat penyelenggaraan angkutan. Dalam hal apakah pernyataan di atas dikecualikan?, Kecuali disebabkan oleh suatu kejadian yang tidak dapat dicegah atau dihindari atau karena kesalahan penumpang. 
 Perusahaan Angkutan Umum bertanggung jawab atas kerugian yang diderita oleh Penumpang yang meninggal dunia atau luka akibat penyelenggaraan angkutan Kerugian yang diderita oleh penumpang yang meninggal dunia atau luka akibat penyelenggaraan angkutan tersebut dihitung berdasarkan apa? , Berdasarkan kerugian yang nyata-nyata dialami atau bagian biaya pelayanan. 
 Perusahaan Angkutan Umum bertanggung jawab atas kerugian yang diderita oleh Penumpang yang meninggal dunia atau luka akibat penyelenggaraan angkutan Tanggung jawab Perusahaan Angkutan Umum tersebut dimulai sejak kapan?, Tanggung jawab Perusahaan Angkutan Umum dimulai sejak Penumpang diangkut dan berakhir di tempat tujuan yang disepakati. 
 Dalam hal tindak pidana lalu lintas dilakukan Perusahaan Angkutan Umum Pidana tambahan yang dimaksud berupa apa?, Berupa pembekuan sementara atau pencabutan izin penyelenggaraan angkutan bagi kendaraan yang digunakan. 
 Pengangkut tidak bertanggung jawab atas kerugian barang bawaan Penumpang. Dalam hal apakah pernyataan di atas dikecualikan?, Pengangkut tidak bertanggung jawab atas kerugian barang bawaan Penumpang 
 Perusahaan Angkutan Umum bertanggung jawab atas kerugian yang diderita oleh pengirim barang karena barang musnah Tanggung jawab Perusahaan Angkutan Umum tersebut dimulai sejak kapan?, Tanggung jawab Perusahaan Angkutan Umum tersebut dimulai sejak barang diangkut sampai barang diserahkan di tempat tujuan yang disepakati. 
 Perusahaan Angkutan Umum tidak bertanggung jawab atas kerugian yang diderita oleh pihak ketiga Kapan selambat-lambatnya hak untuk mengajukan keberatan dan permintaan ganti kerugian pihak ketiga kepada Perusahaan Angkutan Umum disampaikan?, Disampaikan selambat-lambatnya 30 (tiga puluh) hari terhitung mulai tanggal terjadinya kerugian. 
 Setiap pemilik dan/atau pengemudi Kendaraan Bermotor dan Perusahaan Angkutan Umum wajib mencegah terjadinya pencemaran udara dan kebisingan. Pelanggaran terhadap ketentuan mengenai dampak lingkungan Lalu Lintas dan Angkutan Jalan tersebut di atas dikenai sanksi administratif. Sanksi administratif tersebut berupa apa saja?, a. peringatan tertulis b. denda administratif c. pembekuan izin atau d. pencabutan izin. 
 Kecelakaan Lalu-Lintas digolongkan atas: a. kecelakaan lalu-lintas ringan b. kecelakaan lalu-lintas sedang atau c. kecelakaan lalu-lintas berat. Apakah yang dimaksud dengan Kecelakaan Lalu-Lintas ringan?, Kecelakaan lalu-lintas ringan merupakan kecelakaan yang mengakibatkan kerusakan kendaraan dan/atau barang. 
 Kecelakaan Lalu-Lintas digolongkan atas: a. kecelakaan lalu-lintas ringan b. kecelakaan lalu-lintas sedang atau c. kecelakaan lalu-lintas berat. Apakah yang dimaksud dengan Kecelakaan Lalu-Lintas sedang?, Kecelakaan lalu-lintas sedang merupakan kecelakaan yang mengakibatkan luka ringan dan kerusakan kendaraan dan/atau barang. 
 Kecelakaan Lalu-Lintas digolongkan atas: a. kecelakaan lalu-lintas ringan b. kecelakaan lalu-lintas sedang atau c. kecelakaan lalu-lintas berat. Apakah yang dimaksud dengan Kecelakaan Lalu-Lintas berat?, Kecelakaan lalu-lintas berat merupakan kecelakaan yang mengakibatkan korban meninggal dunia atau luka berat. 
 Pengemudi Dalam hal apa saja, a. adanya keadaan memaksa yang tidak dapat dielakkan atau di luar kemampuan Pengemudi b. disebabkan oleh perilaku korban sendiri atau pihak ketiga dan/atau c. disebabkan gerakan orang dan/atau hewan walaupun telah diambil tindakan pencegahan. 
 Jika korban meninggal dunia akibat kecelakaan lalu-lintas Bantuan yang diberikan kepada ahli waris korban berupa apa saja?, Biaya pengobatan dan/atau biaya pemakaman dengan tidak menggugurkan tuntutan perkara pidana. 
 Jika terjadi cedera terhadap badan atau kesehatan korban akibat kecelakaan lalu-lintas sedang dan berat Bantuan yang diberikan kepada korban berupa apa? , Biaya pengobatan dengan tidak menggugurkan tuntutan perkara pidana. 
 Pihak yang menyebabkan terjadinya kecelakaan lalu-lintas wajib mengganti kerugian yang besarannya ditentukan berdasarkan putusan pengadilan. Kewajiban mengganti kerugian tersebut dapat dilakukan di luar sidang pengadilan, Kewajiban mengganti kerugian dapat dilakukan di luar sidang pengadilan 
 Korban Kecelakaan Lalu-Lintas berhak mendapatkan Pertolongan dan perawatan dari pihak yang bertanggung jawab atas terjadinya Kecelakaan Lalu-Lintas dan/atau Pemerintah. Masih terdapat 2 hak lagi bagi korban kecelakaan lalu-lintas, a. ganti kerugian dari pihak yang bertanggung jawab atas terjadinya kecelakaan lalu-lintas b. santunan kecelakaan lalu-lintas dari perusahaan asuransi. 
 Pemerintah Perlakuan khusus tersebut meliputi hal apa saja?, a. aksesibilitas b. prioritas pelayanan c. fasilitas pelayanan. 
 Perusahaan Angkutan Umum yang tidak memenuhi kewajiban menyediakan sarana dan prasarana pelayanan kepada penyandang cacat Sanksi administratifnya berupa apa saja?, a. peringatan tertulis b. denda administratif c. pembekuan izin dan/atau d. pencabutan izin. 
 Setiap pelanggaran di bidang lalu-lintas dan Angkutan Jalan yang diperiksa menurut acara pemeriksaan cepat dapat dikenai pidana denda berdasarkan penetapan pengadilan Pelanggar yang tidak dapat hadir dapat menitipkan denda. Kemana denda tersebut dititipkan?, Kepada Bank yang ditunjuk oleh pemerintah. 
 Bukti penitipan uang denda wajib dilampirkan dalam berkas bukti pelanggaran. Berapakah jumlah denda yang dititipkan kepada bank yang ditunjuk oleh pemerintah? , Jumlah denda yang dititipkan kepada bank yang ditunjuk oleh pemerintah sebesar denda maksimal yang dikenakan untuk setiap pelanggaran Lalu-Lintas dan Angkutan Jalan. 
 Dalam hal putusan pengadilan menetapkan pidana denda lebih kecil daripada uang denda yang dititipkan Apa akibatnya jika sisa uang denda tersebut tidak diambil dalam waktu 1 (satu) tahun sejak penetapan putusan pengadilan?, Disetorkan ke kas negara. 
 Uang denda yang ditetapkan pengadilan disetorkan ke kas negara sebagai penerimaan negara bukan pajak. Dialokasikan sebagai apakah sebagian penerimaan negara bukan pajak tersebut?, Dialokasikan sebagai insentif bagi petugas Kepolisian Negara Republik Indonesia dan Penyidik Pegawai Negeri Sipil yang melaksanakan penegakan hukum di jalan yang pelaksanaannya sesuai dengan ketentuan peraturan perundang-undangan. 
 Setiap penyelenggara jalan yang tidak dengan segera dan patut memperbaiki jalan yang rusak yang mengakibatkan kecelakaan lalu-lintas sehingga menimbulkan korban luka ringan dan/atau kerusakan kendaraan dan/atau barang Apa ancaman pidananya?, Dipidana dengan penjara paling lama 6 (enam) bulan atau denda paling banyak Rp. 12.000.000 
 Setiap penyelenggara jalan yang tidak dengan segera dan patut memperbaiki jalan yang rusak yang mengakibatkan kecelakaan lalu-lintas sehingga mengakibatkan luka berat Sebutkan ancaman pidananya?, Pidana penjara paling lama 1 (satu) tahun atau denda paling banyak Rp. 24.000.000 
 Setiap penyelenggara jalan yang tidak dengan segera dan patut memperbaiki jalan yang rusak yang mengakibatkan kecelakaan lalu-lintas sehingga mengakibatkan orang lain meninggal dunia Apa ancaman pidananya?, Pelaku dipidana dengan pidana penjara paling lama 5 (lima) tahun atau denda paling banyak Rp. 120.000.000 
 Penyelenggara Jalan yang tidak memberi tanda atau rambu pada jalan yang rusak dan belum diperbaiki Apa ancaman pidananya? , Dipidana dengan pidana penjara paling lama 6 (enam) bulan atau denda paling banyak Rp. 1.500.000 
 Setiap orang yang melakukan perbuatan yang mengakibatkan kerusakan dan/atau gangguan fungsi jalan dan fungsi perlengkapan jalan Apa ancaman pidananya?, Dipidana dengan pidana penjara paling lama 1 (satu) tahun atau denda paling banyak Rp. 24.000.000 
 Setiap orang yang melakukan perbuatan yang mengakibatkan gangguan pada fungsi Rambu Lalu-Lintas Apa ancaman pidananya?, Dipidana dengan pidana kurungan paling lama 1 (satu) bulan atau denda paling banyak Rp. 250.000 
 Setiap orang yang merusak Rambu Lalu-Lintas Apa ancaman pidananya?, Dipidana dengan pidana penjara paling lama 2 (dua) tahun atau denda paling banyak Rp. 50.000.000 
 Setiap orang yang mengemudikan Kendaraan Bermotor Umum dalam trayek tidak singgah di Terminal Sebutkan ancaman pidananya?, Dipidana dengan pidana kurungan paling lama 1 (satu) bulan atau denda paling banyak Rp. 250.000 
 Setiap orang yang memasukkan Kendaraan Bermotor Apa ancaman pidananya?, Dipidana dengan pidana penjara paling lama 1 (satu) tahun atau denda paling banyak Rp. 24.000.000 
 Setiap orang yang mengemudikan Kendaraan Bermotor beroda empat atau lebih di jalan yang tidak dilengkapi dengan perlengkapan berupa ban cadangan  dongkrak Apa ancaman pidananya?, Dipidana dengan kurungan paling lama 1 (satu) bulan atau denda paling banyak Rp. 250.000 
" Setiap	orang	yang	mengemudikan	Kendaraan	Bermotor	di	Jalan	yang	dipasangi perlengkapan yang dapat mengganggu keselamatan berlalu-lintas, diancam pidana. Apa ancaman pidananya?", Dipidana dengan pidana kurungan paling lama 2 (dua) bulan atau denda paling banyak Rp. 500.000 
 Setiap orang yang mengemudikan Kendaraan Bermotor di Jalan yang tidak dipasangi Tanda Nomor Kendaraan Bermotor yang ditetapkan oleh Kepolisian Negara Republik Indonesia Apa ancaman pidananya?, Dipidana dengan pidana kurungan paling lama 2 (dua) bulan atau denda paling banyak Rp. 500.000 
 Setiap orang yang mengemudikan Kendaraan Bermotor di Jalan yang tidak memiliki Surat Izin Mengemudi Apa ancaman pidananya?, Dipidana dengan pidana kurungan paling lama 4 (empat) bulan atau denda paling banyak Rp. 1.000.000 
 Setiap Pengguna Jalan yang tidak mematuhi perintah yang diberikan oleh petugas Kepolisian Negara Republik Indonesia Apa ancaman pidananya?, Dipidana dengan pidana kurungan paling lama 1 (bulan) atau denda paling banyak Rp. 250.000 
 Fulan menyetir mobil sambil melakukan kegiatan menelepon temannya Sebutkan ancaman pidananya?, Dipidana dengan pidana kurungan paling lama 3 (tiga) bulan atau denda paling banyak Rp750.000 
 Setiap orang yang mengemudikan Kendaraan Bermotor dengan tidak mengutamakan keselamatan Pejalan Kaki atau pesepeda Sebutkan ancaman pidananya? , Dipidana dengan pidana kurungan paling lama 2 (dua) bulan atau denda paling banyak Rp500.000 
 Setiap orang yang mengemudikan Sepeda Motor di Jalan yang tidak memenuhi persyaratan teknis dan laik jalan yang meliputi kaca spion Ancaman pidananya, Dipidana dengan pidana kurungan paling lama 1 (satu) bulan atau denda paling banyak Rp250.000 
 Setiap orang yang mengemudikan Kendaraan Bermotor beroda empat atau lebih di Jalan yang tidak memenuhi persyaratan teknis yang meliputi kaca spion Apa ancaman pidananya?, Dipidana dengan pidana kurungan paling lama 2 (dua) bulan atau denda paling banyak Rp500.000 
 Mobil yang dikendarai oleh Pak Raden ternyata tidak memenuhi persyaratan laik jalan. Akibatnya Pak Raden dapat diancam pidana, Dipidana dengan pidana kurungan paling lama 2 (dua) bulan atau denda paling banyak Rp500.000 
 Setiap orang yang mengemudikan Kendaraan Bermotor di Jalan yang melanggar aturan perintah atau larangan yang dinyatakan dengan Rambu Lalu Lintas atau Marka Jalan Sebutkan ancaman pidananya?, Dipidana dengan pidana kurungan paling lama 2 (dua) bulan atau denda paling banyak Rp500.000 
 Nona cantik menerobos lampu merah di persimpangan jalan Sebutkan ancaman pidananya?, Dipidana dengan pidana kurungan paling lama 2 (dua) bulan atau denda paling banyak Rp500.000 
 Tuan Bento memarkir mobilnya di sembarang tempat Apa ancaman pidananya?, Dipidana dengan pidana kurungan paling lama 1 (satu) bulan atau denda paling banyak Rp250.000 
 Pak Barnie tidak mau menepikan kendaraannya ketika rombongan mobil pemadam kebakaran akan lewat untuk memadamkan api kebakaran. Tindakan pak barnie ini salah dan dapat dipidana, Dipidana dengan pidana kurungan paling lama 1 (satu) bulan atau denda paling banyak Rp250.000 
 Setiap orang yang mengemudikan Kendaraan Bermotor di Jalan yang melanggar aturan batas kecepatan paling tinggi atau paling rendah Sebutkan ancaman pidananya?, Dipidana dengan pidana kurungan paling lama 2 (dua) bulan atau denda paling banyak Rp500.000 
 Setiap orang yang mengemudikan Kendaraan Bermotor di Jalan yang tidak dilengkapi dengan Surat Tanda Nomor Kendaraan Bermotor atau Surat Tanda Coba Kendaraan Bermotor yang ditetapkan oleh Kepolisian Negara Republik Indonesia diancam pidana. Apa ancaman pidananya?, Dipidana dengan pidana kurungan paling lama 2 (dua) bulan atau denda paling banyak Rp500.000 
 Ketika sedang ada razia Atas kelalauiannya Pak Makmur tetap diancam pidana. Sebutkan ancaman pidananya?, Dipidana dengan pidana kurungan paling lama 1 (satu) bulan dan/atau denda paling banyak Rp250.000 
 Setiap orang yang mengemudikan Kendaraan Bermotor atau Penumpang yang duduk di samping Pengemudi yang tidak mengenakan sabuk keselamatan Sebutkan ancaman pidananya?, Dipidana dengan pidana kurungan paling lama 1 (satu) bulan atau denda paling banyak Rp250.000 
 Karena beralasan harga yang mahal Tindakan Pak Fulan itu tidak dibenarkan dan diancam pidana, Dipidana dengan pidana kurungan paling lama 1 (satu) bulan atau denda paling banyak Rp250.000 
 Nyonya Fulana berboncengan motor dengan suaminya tanpa menggunakan helm standar SNI Sebutkan ancaman pidananya?, Dipidana dengan pidana kurungan paling lama 1 (satu) bulan atau denda paling banyak Rp250.000 
 Setiap orang yang mengemudikan Kendaraan Bermotor di Jalan tanpa menyalakan lampu utama pada malam hari dan kondisi tertentu Sebutkan ancaman pidananya?, Dipidana dengan pidana kurungan paling lama 1 (satu) bulan atau denda paling banyak Rp250.000 
 Jack tidak mau menyelakan lampu utama motornya ketika ia mengendarai motor pada siang hari dengan alasan tidak perlu. Tindakan Jack tidak dapat dibenarkan dan diancam pidana. Apa ancaman pidananya?, Dipidana dengan pidana kurungan paling lama 15 (lima belas) hari atau denda paling banyak Rp100.000 
 Setiap orang yang mengemudikan Kendaraan Bermotor yang akan membelok atau berbalik arah Apa ancaman pidananya?, Dipidana dengan pidana kurungan paling lama 1 (satu) bulan atau denda paling banyak Rp250.000 
 Setiap orang yang mengemudikan  Kendaraan Bermotor yang akan berpindah lajur atau bergerak ke samping tanpa memberikan isyarat Apa ancaman pidananya?, Dipidana dengan pidana kurungan paling lama 1 (satu) bulan atau denda paling banyak Rp250.000 
 Menerobos perlintasan antara kereta api dan Jalan yang tidak berhenti ketika sinyal sudah berbunyi Apa ancaman pidananya?, Dipidana dengan pidana kurungan paling lama 3 (tiga) bulan atau denda paling banyak Rp750.000 
 Roni dan Reno hobby berbalapan motor di jalan raya. Tindakan mereka diancam pidana. Sebutkan ancaman pidananya?, Dipidana dengan pidana kurungan paling lama 1 (satu) tahun atau denda paling banyak Rp3.000.000 
 Setiap orang yang mengemudikan Kendaraan Bermotor yang tidak memasang segitiga pengaman Sebutkan ancaman pidananya?, Dipidana dengan pidana kurungan paling lama 2 (dua) bulan atau denda paling banyak Rp500.000 
 Setiap orang yang mengemudikan Kendaraan Bermotor yang terlibat Kecelakaan Lalu Lintas dan dengan sengaja tidak menghentikan kendaraannya Sebutkan ancaman pidananya?, Dipidana dengan pidana penjara paling lama 3 (tiga) tahun atau denda paling banyak Rp75.000.000 
 Selain pidana penjara Pidana tambahan yang dimaksud berupa apa?, Pencabutan Surat Izin Mengemudi atau ganti kerugian yang diakibatkan oleh tindak pidana lalu lintas. 
 Setiap orang yang mengendarai Kendaraan Tidak Bermotor yang dengan sengaja berpegang pada Kendaraan Bermotor untuk ditarik Apa ancaman pidananya?, Dipidana dengan pidana kurungan paling lama 15 (lima belas) hari atau denda paling banyak Rp100.000 
" Mobil barang dilarang digunakan untuk angkutan orang a. rasio Kendaraan Bermotor untuk angkutan orang, kondisi geografis, dan prasarana jalan di provinsi/kabupaten/kota belum memadai b. untuk pengerahan atau pelatihan Tentara Nasional Indonesia dan/atau Kepolisian Negara Republik Indonesia atau c. kepentingan lain berdasarkan pertimbangan Kepolisian Negara Republik Indonesia dan/atau Pemerintah Daerah. Apabila ada orang yang mengemudikan mobil barang untuk mengangkut orang diluar alasan yang tersebut diatas Apa ancaman pidananya?", pidana kurungan paling lama 1 (satu) bulan atau denda paling banyak Rp250.000 
 Tuan Fulan adalah pengemudi angkot. Dalam mengemudikan angkotnya Apa ancaman pidananya?, Pidana kurungan paling lama 1 (satu) bulan atau denda paling banyak Rp250.000 
 Fulan adalah pengemudi angkutan umum. Untuk mendapatkan lebih banyak penumpang Ia kerap kali melewati jaringan jalan selain yang telah ditentukan dalam izin trayek. Tindakan Fulan tidak dibenarkan dan diancam pidana. Sebutkan ancaman pidananya! , Pidana kurungan paling lama 1 (satu) bulan atau denda paling banyak Rp250.000 
 Setiap orang yang mengemudikan Kendaraan angkutan orang dengan tujuan tertentu yang menaikkan atau menurunkan Penumpang lain di sepanjang perjalanan atau menggunakan Kendaraan angkutan tidak sesuai dengan angkutan untuk keperluan lain Apa ancaman pidnanya?, dipidana dengan pidana kurungan paling lama 1 (satu) bulan atau denda paling banyak Rp250.000 
 Setiap orang yang mengemudikan Kendaraan Bermotor yang mengangkut barang khusus yang tidak memenuhi ketentuan tentang persyaratan keselamatan Apa ancaman pidananya?, Dipidana dengan pidana kurungan paling lama 2 (dua) bulan atau denda paling banyak Rp500.000 
 Setiap orang yang mengemudikan kendaraan angkutan barang yang tidak dilengkapi surat muatan dokumen perjalanan Apa ancaman pidananya?, dipidana dengan pidana kurungan paling lama 1 (satu) bulan atau denda paling banyak Rp250.000 
 Setiap orang yang mengemudikan Kendaraan Bermotor Angkutan Umum Barang yang tidak mematuhi ketentuan mengenai tata cara pemuatan Sebutkan ancaman pidananya!, dipidana dengan pidana kurungan paling lama 2 (dua) bulan atau denda paling banyak Rp500.000 
 setiap orang yang mengemudikan Kendaraan Bermotor Umum yang tidak memiliki izin menyelenggarakan angkutan orang dalam trayek Apa ancaman pidananya?, Dipidana dengan pidana kurungan paling lama 2 (dua) bulan atau denda paling banyak Rp500.000 
 Setiap orang yang tidak mengasuransikan tanggung jawabnya untuk penggantian kerugian yang diderita oleh Penumpang Sebutkan ancaman pidananya!, Pidana kurungan paling lama 6 (enam) bulan atau denda paling banyak Rp1.500.000 
 Nona Fulana mengemudikan mobil sambil menelepon temannya sehingga Ia kehilangan konsentrasi saat mengemudi. Akibatnya Sebutkan ancaman pidananya!, Pidana penjara paling lama 5 (lima) tahun dan/atau denda paling banyak Rp10.000.000 
 Perusahaan Angkutan Umum wajib mengasuransikan orang yang dipekerjakan sebagai awak kendaraan. Setiap orang yang tidak mengasuransikan awak kendaraannya Sebutkan ancaman pidananya!, Pidana kurungan paling lama 6 (enam) bulan atau denda paling banyak Rp1.500.000
